<?xml version="1.0" encoding="UTF-8"?><idempiere Name="de.bxservice.routekanban" Version="1.0" idempiereVersion="" DataBaseVersion="" Description="" Author="" AuthorEmail="druiz@bayen.de" CreatedDate="2017-12-29 20:47:43.46" UpdatedDate="2017-12-29 20:47:43.46" PackOutVersion="100" UpdateDictionary="false" Client="0-SYSTEM-System" AD_Client_UU="11237b53-9592-4af1-b3c5-afd216514b5d">
    <AD_Process type="table">
        <AD_Client_ID>0</AD_Client_ID>
        <AD_Org_ID>0</AD_Org_ID>
        <IsActive>Y</IsActive>
        <Name>Kanban Print Process</Name>
        <Description/>
        <Help/>
        <ProcedureName/>
        <IsReport>N</IsReport>
        <Value>KanbanPrintProcess</Value>
        <IsDirectPrint>N</IsDirectPrint>
        <AD_ReportView_ID reference="id"/>
        <Classname>de.bxservice.process.BayenPrintInvoiceProcess</Classname>
        <AccessLevel>3</AccessLevel>
        <EntityType>BAY</EntityType>
        <Statistic_Count>12</Statistic_Count>
        <Statistic_Seconds>213</Statistic_Seconds>
        <AD_PrintFormat_ID reference="id"/>
        <WorkflowValue/>
        <AD_Workflow_ID reference="id"/>
        <IsBetaFunctionality>N</IsBetaFunctionality>
        <IsServerProcess>N</IsServerProcess>
        <ShowHelp>Y</ShowHelp>
        <JasperReport/>
        <AD_Form_ID reference="id"/>
        <CopyFromProcess>N</CopyFromProcess>
        <AD_Process_UU>137d356e-947b-4c57-a5dd-1b772f8b6f26</AD_Process_UU>
        <AD_CtxHelp_ID reference="id"/>
        <AD_Process_Trl type="translation">
            <Help/>
            <Name>Lieferschein Drücken</Name>
            <Description/>
            <AD_Language>de_DE</AD_Language>
            <IsActive>Y</IsActive>
            <IsTranslated>Y</IsTranslated>
        </AD_Process_Trl>
    </AD_Process>
</idempiere>
