<?xml version="1.0" encoding="UTF-8"?><idempiere Name="kanbanRoutes" Version="1.0" idempiereVersion="" DataBaseVersion="" Description="" Author="" AuthorEmail="" CreatedDate="2017-12-29 21:35:12.235" UpdatedDate="2017-12-29 21:35:12.235" PackOutVersion="100" UpdateDictionary="false" Client="1000000-Bayen-Bayen" AD_Client_UU="d8933407-4a3a-4c1a-bd58-0f2ebdcbf436">
    <KDB_KanbanBoard type="table">
        <AD_Org_ID>0</AD_Org_ID>
        <Description/>
        <Help/>
        <IsActive>Y</IsActive>
        <KDB_KanbanBoard_UU>9d7c8799-681c-461f-95e7-7db60cdafa7a</KDB_KanbanBoard_UU>
        <Name>Tourenplan heute</Name>
        <AD_Table_ID reference="id">259</AD_Table_ID>
        <KDB_PrioritySQL>on_route(DatePromised, C_Order_ID)</KDB_PrioritySQL>
        <WhereClause>IsSoTrx='Y' AND IsPrinted='N' AND DocStatus NOT IN ('CO','CL','VO') AND DatePromised = to_date('@#Date@', 'yyyy-mm-dd')</WhereClause>
        <KDB_ColumnList_ID reference="id"/>
        <CreateStatuses>N</CreateStatuses>
        <KDB_ColumnTable_ID reference="uuid" reference-key="AD_Column">aa1f78f1-c461-4c4c-9bf1-58a78e2cbeb4</KDB_ColumnTable_ID>
        <KDB_BackgroundColor_ID reference="id"/>
        <KDB_KanbanCard>@C_BPartner.Name@ @totallines@</KDB_KanbanCard>
        <OrderByClause/>
        <KDB_SummarySQL>SELECT COALESCE(ROUND(SUM(p.weight),2), '0') ,  COALESCE(SUM(CASE WHEN u.x12de355='Faß' THEN l.QtyEntered ELSE 0 END), '0'),  COALESCE(SUM(CASE WHEN u.x12de355='Ka' THEN l.QtyEntered ELSE 0 END),'0') FROM  C_Order JOIN C_OrderLine l ON (C_Order.C_Order_ID=l.C_Order_ID) JOIN M_Product p ON l.M_Product_ID = p.M_Product_ID JOIN M_Product_Category pc ON pc.M_Product_Category_ID = p.M_Product_Category_ID JOIN C_UOM u ON (u.C_UOM_ID = l.C_UOM_ID) WHERE C_Order.BAY_Route_ID = @KanbanStatus@</KDB_SummarySQL>
        <KDB_StdColumnWidth>0</KDB_StdColumnWidth>
        <KDB_StdCardHeight>0</KDB_StdCardHeight>
        <IsHtml>N</IsHtml>
        <KDB_SummaryMsg>{0} Kg - {1} Barrels - {2} Cases</KDB_SummaryMsg>
        <KDB_KanbanBoard_Trl type="translation">
            <Description/>
            <Name>Tourenplan heute</Name>
            <KDB_KanbanCard>@C_BPartner.Name@ @totallines@</KDB_KanbanCard>
            <KDB_SummaryMsg>{0} Kg - {1} Barrels - {2} Cases</KDB_SummaryMsg>
            <AD_Language>de_DE</AD_Language>
            <IsActive>Y</IsActive>
            <IsTranslated>Y</IsTranslated>
        </KDB_KanbanBoard_Trl>
        <KDB_KanbanStatus type="table">
            <AD_Org_ID>0</AD_Org_ID>
            <Description/>
            <Help/>
            <IsActive>Y</IsActive>
            <KDB_KanbanStatus_UU>1d4fe2e4-5f35-4b66-a4d8-8f46c5d75143</KDB_KanbanStatus_UU>
            <Name>Available</Name>
            <SeqNo>10</SeqNo>
            <StatusAlias/>
            <SQLStatement/>
            <MaxNumberCards/>
            <IsShowOver>N</IsShowOver>
            <KDB_StatusTableID>1000008</KDB_StatusTableID>
            <KDB_StatusListValue/>
            <KDB_KanbanBoard_ID reference="uuid" reference-key="KDB_KanbanBoard">9d7c8799-681c-461f-95e7-7db60cdafa7a</KDB_KanbanBoard_ID>
        </KDB_KanbanStatus>
        <KDB_KanbanStatus type="table">
            <AD_Org_ID>0</AD_Org_ID>
            <Description/>
            <Help/>
            <IsActive>Y</IsActive>
            <KDB_KanbanStatus_UU>a622dae6-6765-4fac-9f73-4f47ef9bd907</KDB_KanbanStatus_UU>
            <Name>Juran/Innenstadt</Name>
            <SeqNo>20</SeqNo>
            <StatusAlias/>
            <SQLStatement/>
            <MaxNumberCards/>
            <IsShowOver>N</IsShowOver>
            <KDB_StatusTableID>1000005</KDB_StatusTableID>
            <KDB_StatusListValue/>
            <KDB_KanbanBoard_ID reference="uuid" reference-key="KDB_KanbanBoard">9d7c8799-681c-461f-95e7-7db60cdafa7a</KDB_KanbanBoard_ID>
        </KDB_KanbanStatus>
        <KDB_KanbanStatus type="table">
            <AD_Org_ID>0</AD_Org_ID>
            <Description/>
            <Help/>
            <IsActive>Y</IsActive>
            <KDB_KanbanStatus_UU>1bb6060e-4165-4ddb-b2f0-5ef333b3985d</KDB_KanbanStatus_UU>
            <Name>Kempen/Schäfer</Name>
            <SeqNo>30</SeqNo>
            <StatusAlias/>
            <SQLStatement/>
            <MaxNumberCards/>
            <IsShowOver>N</IsShowOver>
            <KDB_StatusTableID>1000002</KDB_StatusTableID>
            <KDB_StatusListValue/>
            <KDB_KanbanBoard_ID reference="uuid" reference-key="KDB_KanbanBoard">9d7c8799-681c-461f-95e7-7db60cdafa7a</KDB_KanbanBoard_ID>
        </KDB_KanbanStatus>
        <KDB_KanbanStatus type="table">
            <AD_Org_ID>0</AD_Org_ID>
            <Description/>
            <Help/>
            <IsActive>Y</IsActive>
            <KDB_KanbanStatus_UU>a4d6183e-c5ad-4e22-bcdf-3d4040e51841</KDB_KanbanStatus_UU>
            <Name>Oberhausen/Jonny</Name>
            <SeqNo>40</SeqNo>
            <StatusAlias/>
            <SQLStatement/>
            <MaxNumberCards/>
            <IsShowOver>N</IsShowOver>
            <KDB_StatusTableID>1000003</KDB_StatusTableID>
            <KDB_StatusListValue/>
            <KDB_KanbanBoard_ID reference="uuid" reference-key="KDB_KanbanBoard">9d7c8799-681c-461f-95e7-7db60cdafa7a</KDB_KanbanBoard_ID>
        </KDB_KanbanStatus>
        <KDB_KanbanControlAccess type="table">
            <AD_Org_ID>0</AD_Org_ID>
            <AD_Role_ID reference="uuid" reference-key="AD_Role">1410cf6f-b125-43cc-b2ce-6c3f01fe2da4</AD_Role_ID>
            <KDB_KanbanControlAccess_UU>19a78a7f-af09-43c7-aa37-dc6f9780e5a0</KDB_KanbanControlAccess_UU>
            <IsActive>Y</IsActive>
            <IsReadWrite>Y</IsReadWrite>
            <KDB_KanbanBoard_ID reference="uuid" reference-key="KDB_KanbanBoard">9d7c8799-681c-461f-95e7-7db60cdafa7a</KDB_KanbanBoard_ID>
        </KDB_KanbanControlAccess>
        <KDB_KanbanProcess type="table">
            <AD_Org_ID>0</AD_Org_ID>
            <Description/>
            <IsActive>Y</IsActive>
            <KDB_KanbanProcess_UU>652d7348-c5fe-40db-9c8a-bafc2c97621b</KDB_KanbanProcess_UU>
            <Name>Drucken der Tour</Name>
            <KDB_KanbanBoard_ID reference="uuid" reference-key="KDB_KanbanBoard">9d7c8799-681c-461f-95e7-7db60cdafa7a</KDB_KanbanBoard_ID>
            <AD_Process_ID reference="uuid" reference-key="AD_Process">137d356e-947b-4c57-a5dd-1b772f8b6f26</AD_Process_ID>
            <KDB_ProcessScope>S</KDB_ProcessScope>
        </KDB_KanbanProcess>
    </KDB_KanbanBoard>
    <KDB_KanbanBoard type="table">
        <AD_Org_ID>0</AD_Org_ID>
        <Description/>
        <Help/>
        <IsActive>Y</IsActive>
        <KDB_KanbanBoard_UU>1cde5412-5d26-4baf-8531-a0f1c85ac99a</KDB_KanbanBoard_UU>
        <Name>Tourenplan morgen</Name>
        <AD_Table_ID reference="id">259</AD_Table_ID>
        <KDB_PrioritySQL>on_route(DatePromised, C_Order_ID)</KDB_PrioritySQL>
        <WhereClause>IsSoTrx='Y' AND IsPrinted='N' AND DocStatus NOT IN ('CO','CL','VO') AND DatePromised = next_working_day('@#Date@')</WhereClause>
        <KDB_ColumnList_ID reference="id"/>
        <CreateStatuses>N</CreateStatuses>
        <KDB_ColumnTable_ID reference="uuid" reference-key="AD_Column">aa1f78f1-c461-4c4c-9bf1-58a78e2cbeb4</KDB_ColumnTable_ID>
        <KDB_BackgroundColor_ID reference="id"/>
        <KDB_KanbanCard>@DocumentNo@ @C_BPartner.Name@</KDB_KanbanCard>
        <OrderByClause/>
        <KDB_SummarySQL>SELECT COALESCE(ROUND(SUM(p.weight),2), '0') ,  COALESCE(SUM(CASE WHEN u.x12de355='Faß' THEN l.QtyEntered ELSE 0 END), '0'),  COALESCE(SUM(CASE WHEN u.x12de355='Ka' THEN l.QtyEntered ELSE 0 END),'0') FROM  C_Order JOIN C_OrderLine l ON (C_Order.C_Order_ID=l.C_Order_ID) JOIN M_Product p ON l.M_Product_ID = p.M_Product_ID JOIN M_Product_Category pc ON pc.M_Product_Category_ID = p.M_Product_Category_ID JOIN C_UOM u ON (u.C_UOM_ID = l.C_UOM_ID) WHERE C_Order.BAY_Route_ID = @KanbanStatus@</KDB_SummarySQL>
        <KDB_StdColumnWidth>0</KDB_StdColumnWidth>
        <KDB_StdCardHeight>0</KDB_StdCardHeight>
        <IsHtml>N</IsHtml>
        <KDB_SummaryMsg>{0} Kg - {1} Barrels - {2} Cases</KDB_SummaryMsg>
        <KDB_KanbanBoard_Trl type="translation">
            <Description/>
            <Name>Tourenplan morgen</Name>
            <KDB_KanbanCard>@DocumentNo@ @C_BPartner.Name@</KDB_KanbanCard>
            <KDB_SummaryMsg>{0} Kg - {1} Barrels - {2} Cases</KDB_SummaryMsg>
            <AD_Language>de_DE</AD_Language>
            <IsActive>Y</IsActive>
            <IsTranslated>Y</IsTranslated>
        </KDB_KanbanBoard_Trl>
        <KDB_KanbanStatus type="table">
            <AD_Org_ID>0</AD_Org_ID>
            <Description/>
            <Help/>
            <IsActive>Y</IsActive>
            <KDB_KanbanStatus_UU>67b2e177-b9cc-4fd0-9a77-225722ef7a24</KDB_KanbanStatus_UU>
            <Name>Available</Name>
            <SeqNo>10</SeqNo>
            <StatusAlias/>
            <SQLStatement/>
            <MaxNumberCards/>
            <IsShowOver>N</IsShowOver>
            <KDB_StatusTableID>1000008</KDB_StatusTableID>
            <KDB_StatusListValue/>
            <KDB_KanbanBoard_ID reference="uuid" reference-key="KDB_KanbanBoard">1cde5412-5d26-4baf-8531-a0f1c85ac99a</KDB_KanbanBoard_ID>
        </KDB_KanbanStatus>
        <KDB_KanbanStatus type="table">
            <AD_Org_ID>0</AD_Org_ID>
            <Description/>
            <Help/>
            <IsActive>Y</IsActive>
            <KDB_KanbanStatus_UU>e68d2ee3-6b03-49b6-be4f-3d025aa1785c</KDB_KanbanStatus_UU>
            <Name>Juran/Innenstadt</Name>
            <SeqNo>20</SeqNo>
            <StatusAlias/>
            <SQLStatement/>
            <MaxNumberCards/>
            <IsShowOver>N</IsShowOver>
            <KDB_StatusTableID>1000005</KDB_StatusTableID>
            <KDB_StatusListValue/>
            <KDB_KanbanBoard_ID reference="uuid" reference-key="KDB_KanbanBoard">1cde5412-5d26-4baf-8531-a0f1c85ac99a</KDB_KanbanBoard_ID>
        </KDB_KanbanStatus>
        <KDB_KanbanStatus type="table">
            <AD_Org_ID>0</AD_Org_ID>
            <Description/>
            <Help/>
            <IsActive>Y</IsActive>
            <KDB_KanbanStatus_UU>b20b4e22-e507-4cf3-a8ce-94a27e6e44ba</KDB_KanbanStatus_UU>
            <Name>Kempen/Schäfer</Name>
            <SeqNo>30</SeqNo>
            <StatusAlias/>
            <SQLStatement/>
            <MaxNumberCards/>
            <IsShowOver>N</IsShowOver>
            <KDB_StatusTableID>1000002</KDB_StatusTableID>
            <KDB_StatusListValue/>
            <KDB_KanbanBoard_ID reference="uuid" reference-key="KDB_KanbanBoard">1cde5412-5d26-4baf-8531-a0f1c85ac99a</KDB_KanbanBoard_ID>
        </KDB_KanbanStatus>
        <KDB_KanbanStatus type="table">
            <AD_Org_ID>0</AD_Org_ID>
            <Description/>
            <Help/>
            <IsActive>Y</IsActive>
            <KDB_KanbanStatus_UU>4168856a-fa95-486c-a33b-7a96ab4ac96b</KDB_KanbanStatus_UU>
            <Name>Oberhausen/Jonny</Name>
            <SeqNo>40</SeqNo>
            <StatusAlias/>
            <SQLStatement/>
            <MaxNumberCards/>
            <IsShowOver>N</IsShowOver>
            <KDB_StatusTableID>1000003</KDB_StatusTableID>
            <KDB_StatusListValue/>
            <KDB_KanbanBoard_ID reference="uuid" reference-key="KDB_KanbanBoard">1cde5412-5d26-4baf-8531-a0f1c85ac99a</KDB_KanbanBoard_ID>
        </KDB_KanbanStatus>
        <KDB_KanbanControlAccess type="table">
            <AD_Org_ID>0</AD_Org_ID>
            <AD_Role_ID reference="uuid" reference-key="AD_Role">1410cf6f-b125-43cc-b2ce-6c3f01fe2da4</AD_Role_ID>
            <KDB_KanbanControlAccess_UU>45cc49ed-23a9-4eda-b7e5-a33cf5fed491</KDB_KanbanControlAccess_UU>
            <IsActive>Y</IsActive>
            <IsReadWrite>Y</IsReadWrite>
            <KDB_KanbanBoard_ID reference="uuid" reference-key="KDB_KanbanBoard">1cde5412-5d26-4baf-8531-a0f1c85ac99a</KDB_KanbanBoard_ID>
        </KDB_KanbanControlAccess>
    </KDB_KanbanBoard>
</idempiere>
